game,link,difficulty,time_needed
Crow Country,https://psnprofiles.com/guide/19667-crow-country-trophy-guide,4/10,5
South Park: Snow Day!,https://psnprofiles.com/guide/19713-south-park-snow-day-trophy-guide,3/10,8
Mighty Goose,https://psnprofiles.com/guide/19563-mighty-goose-trophy-guide,2/10,15
Sly Cooper and the Thievius Raccoonus,https://psnprofiles.com/guide/19742-sly-cooper-and-the-thievius-raccoonus-trophy-guide,3/10,10
MediEvil: Resurrection,https://psnprofiles.com/guide/19702-medievil-resurrection-trophy-guide,2/10,10
Red Matter,https://psnprofiles.com/guide/19565-red-matter-trophy-guide,1/10,3
,https://psnprofiles.com/guide/19254-tomb-raider-ii-golden-mask-complete-dlc-guide,,
Minecraft • Set 2,https://psnprofiles.com/guide/19766-minecraft-set-2-expansion-18-dlc-trophy-guide,3/10,2
Drunkn Bar Fight,https://psnprofiles.com/guide/19684-drunkn-bar-fight-trophy-guide,2/10,1
Shovel Knight: Treasure Trove,https://psnprofiles.com/guide/19679-shovel-knight-treasure-trove-king-of-cards-dlc-trophy-guide,5/10,20
A Fisherman's Tale,https://psnprofiles.com/guide/19654-a-fishermans-tale-trophy-guide,4/10,6
Out of Space,https://psnprofiles.com/guide/19202-out-of-space-trophy-guide,3/10,10
Ghostbusters: Rise of the Ghost Lord,https://psnprofiles.com/guide/19578-ghostbusters-rise-of-the-ghost-lord-trophy-guide,3/10,20
Knowledge is Power: Decades,https://psnprofiles.com/guide/19650-knowledge-is-power-decades-trophy-guide,2/10,8
Vikings: Wolves of Midgard,https://psnprofiles.com/guide/19571-vikings-wolves-of-midgard-trophy-guide,8/10,50
Kingdom Eighties,https://psnprofiles.com/guide/19629-kingdom-eighties-trophy-guide,5/10,20
Garten of Banban 2,https://psnprofiles.com/guide/19658-garten-of-banban-2-trophy-guide,2/10,1
Crow Country,https://psnprofiles.com/guide/19675-crow-country-trophy-guide,2/10,2
Garten of Banban,https://psnprofiles.com/guide/19651-garten-of-banban-trophy-guide,1/10,1
Jak and Daxter: The Lost Frontier,https://psnprofiles.com/guide/19165-jak-and-daxter-the-lost-frontier-trophy-guide,3/10,7
