game,link,difficulty,time_needed,platinum_rarity,views,guide_rating,guide_rating_count,user_favourites
MediEvil: Resurrection,https://psnprofiles.com/guide/19702-medievil-resurrection-trophy-guide,2/10,10,34.77%,"1,587",N/A,0,5
,https://psnprofiles.com/guide/19254-tomb-raider-ii-golden-mask-complete-dlc-guide,,,N/A,"1,140",N/A,0,0
Vikings: Wolves of Midgard,https://psnprofiles.com/guide/19571-vikings-wolves-of-midgard-trophy-guide,8/10,50,2.89%,"2,218",N/A,0,4
Garten of Banban,https://psnprofiles.com/guide/19651-garten-of-banban-trophy-guide,1/10,1,N/A,"2,778",N/A,0,4
Crow Country,https://psnprofiles.com/guide/19675-crow-country-trophy-guide,2/10,2,47.07%,"3,382",N/A,0,14
Jak and Daxter: The Lost Frontier,https://psnprofiles.com/guide/19165-jak-and-daxter-the-lost-frontier-trophy-guide,3/10,7,25.95%,"2,638",N/A,0,7
South Park: Snow Day!,https://psnprofiles.com/guide/19713-south-park-snow-day-trophy-guide,3/10,8,28.59%,422,N/A,0,2
Sly Cooper and the Thievius Raccoonus,https://psnprofiles.com/guide/19742-sly-cooper-and-the-thievius-raccoonus-trophy-guide,3/10,10,19.45%,"6,499",N/A,0,17
Minecraft • Set 2,https://psnprofiles.com/guide/19766-minecraft-set-2-expansion-18-dlc-trophy-guide,3/10,2,N/A,"1,167",5/5,6,2
A Fisherman's Tale,https://psnprofiles.com/guide/19654-a-fishermans-tale-trophy-guide,4/10,6,21.11%,"1,368",N/A,0,3
Out of Space,https://psnprofiles.com/guide/19202-out-of-space-trophy-guide,3/10,10,N/A,521,N/A,0,2
Garten of Banban 2,https://psnprofiles.com/guide/19658-garten-of-banban-2-trophy-guide,2/10,1,N/A,"1,315",N/A,0,2
Kingdom Eighties,https://psnprofiles.com/guide/19629-kingdom-eighties-trophy-guide,5/10,20,9.39%,721,N/A,0,1
Crow Country,https://psnprofiles.com/guide/19667-crow-country-trophy-guide,4/10,5,47.07%,151,N/A,0,0
Mighty Goose,https://psnprofiles.com/guide/19563-mighty-goose-trophy-guide,2/10,15,38.16%,797,N/A,0,1
Drunkn Bar Fight,https://psnprofiles.com/guide/19684-drunkn-bar-fight-trophy-guide,2/10,1,N/A,608,N/A,0,3
Red Matter,https://psnprofiles.com/guide/19565-red-matter-trophy-guide,1/10,3,40.29%,654,N/A,0,2
Shovel Knight: Treasure Trove,https://psnprofiles.com/guide/19679-shovel-knight-treasure-trove-king-of-cards-dlc-trophy-guide,5/10,20,N/A,"1,275",N/A,0,1
Ghostbusters: Rise of the Ghost Lord,https://psnprofiles.com/guide/19578-ghostbusters-rise-of-the-ghost-lord-trophy-guide,3/10,20,3.36%,"1,548",N/A,0,2
Knowledge is Power: Decades,https://psnprofiles.com/guide/19650-knowledge-is-power-decades-trophy-guide,2/10,8,4.99%,"1,231",N/A,0,0
